2021-10-17 23:30:02+00:00,1449880413984501762,"¬°Registro temporalmente gratuito, aparta tu lugar! Mi√©rcoles 20 de octubre, 9:00 am, CDMX  Webinar: Identificando e‚Ä¶ https://t.co/CeITSkI3L2",Hootsuite Inc.,True,,,,,,,,es,False
2021-10-16 14:19:17+00:00,1449379425666179076,RT @MINAGCuba: ¬øPor qu√© se demora el pago de la leche acopiada y entregada? https://t.co/cwVeKQMMdT Via @Granma_Digital #AgriculturaCubana,Twitter for Android,False,,,,,,,,es,False
2021-10-16 02:00:01+00:00,1449193382299914241,#CervantinoEnTv4 üé≠ ¬∑ Lemon Milk   Un proyecto franco-mexicano liderado por el productor Rafa Navajas. Presencia ele‚Ä¶ https://t.co/GvGJIyiuJi,Twitter Web App,True,,,,,,,,es,False
2021-10-15 23:16:28+00:00,1449152222877585412,RT @BUniatlantico: Capacitaci√≥n a docentes y estudiantes de pregrado y posgrado de la Facultad de Ciencias Humanas de la UA sobre BIBLIOTEC‚Ä¶,Twitter for Android,False,,,,,,,,es,False
2021-10-15 23:00:01+00:00,1449148084244602889,#CervantinoEnTv4 üé≠ ¬∑ Lemon Milk   Un proyecto franco-mexicano liderado por el productor Rafa Navajas. Presencia ele‚Ä¶ https://t.co/mfkEARZCkd,Twitter Web App,True,,,,,,,,es,False
2021-10-15 20:26:32+00:00,1449109458563518475,RT @silvano_Cuba: El deporte cubano aumenta su prestigio https://t.co/uMHYd85iZY Via @Granma_Digital,Twitter for Android,False,,,,,,,,es,False
2021-10-15 20:17:41+00:00,1449107230184386566,RT @CSDCMalleco: No te pierdas la cuarta fecha del Campeonato Tercera Divisi√≥n B por las pantallas de @teleangolradio   üìÜ Domingo 17 Octubr‚Ä¶,Twitter for Android,False,,,,,,,,es,False
2021-10-15 20:16:43+00:00,1449106986008657921,No te pierdas la cuarta fecha del Campeonato Tercera Divisi√≥n B por las pantallas de @teleangolradio   üìÜ Domingo 17‚Ä¶ https://t.co/60Vkx1dkGF,Twitter for Android,True,,,,,,,,es,False
2021-10-15 19:30:04+00:00,1449095249226256386,El concierto se podr√° ver en directo y desde cualquier pa√≠s a trav√©s del Digital Concert Hall de la @BerlinPhil. El‚Ä¶ https://t.co/JMnhaPFlC1,Twitter Web App,True,1449095246537756673,126441228,pabstermeister,,,,,es,False
2021-10-15 17:15:03+00:00,1449061268292255748,"¬°Registro temporalmente gratuito, aparta tu lugar! Mi√©rcoles 20 de octubre, 9:00 am, CDMX  Webinar: Identificando e‚Ä¶ https://t.co/cEXZPHKPrv",Hootsuite Inc.,True,,,,,,,,es,False
2021-10-15 17:10:27+00:00,1449060112501559299,RT @KArgentinaok: [HAPPY K DAY] CAP√çTULO 4 ¬°Publicidad en Jap√≥n!    üìç Edificio Kokumin Shinsaibashi (Big Digital Signage) üóì 18-24 de octubr‚Ä¶,Twitter for Android,False,,,,,,,,es,False
2021-10-15 14:30:09+00:00,1449019769512988682,"üöÄ¬†¬†Este viernes, 15 de Octubre, de 12:00 pm a 1:00 pm (GMT-3), llevaremos a cabo el webinar Mapping Semanal del‚Ä¶ https://t.co/3qcBEAVWGZ",LinkedIn,True,,,,,,,,es,False
2021-10-15 14:00:17+00:00,1449012253467070464,Capacitaci√≥n a docentes y estudiantes de pregrado y posgrado de la Facultad de Ciencias Humanas de la UA sobre BIBL‚Ä¶ https://t.co/3Vo30Y6qHg,Twitter Web App,True,,,,,,,,es,False
2021-10-15 11:38:47+00:00,1448976646288125952,RT @IECA_Andalucia: üó∫Ô∏èJornada online: Callejero Digital de Andaluc√≠a Unificado para t√©cnicos de la Administraci√≥n Local  üóìÔ∏è21 de octubre de‚Ä¶,Twitter Web App,False,,,,,,,,es,False
2021-10-15 11:29:09+00:00,1448974219119894556,üó∫Ô∏èJornada online: Callejero Digital de Andaluc√≠a Unificado para t√©cnicos de la Administraci√≥n Local  üóìÔ∏è21 de octubr‚Ä¶ https://t.co/DOpaCb0kdv,Twitter Web App,True,,,,,,,,es,False
2021-10-15 08:46:48+00:00,1448933364765954078,RT @delcomval_UE: #EURegionsWeek en la CV ¬øSabes c√≥mo funciona la pol√≠tica de cohesi√≥n de la UE? ¬øY como contribuye al desarrollo de nuestr‚Ä¶,Twitter Web App,False,,,,,,,,es,False
2021-10-14 22:51:51+00:00,1448783640897413122,"RT @CasadelLago: El Festival Poes√≠a en Voz Alta 2021 [Edici√≥n digital] inicia actividades con una conversaci√≥n entre @jvolpi, @cinthya_gl y‚Ä¶",Twitter for iPhone,False,,,,,,,,es,False
2021-10-14 22:33:56+00:00,1448779132368736269,"El Festival Poes√≠a en Voz Alta 2021 [Edici√≥n digital] inicia actividades con una conversaci√≥n entre @jvolpi,‚Ä¶ https://t.co/hsRH8AxRp9",Twitter Web App,True,,,,,,,,es,False
2021-10-14 19:50:03+00:00,1448737886573142016,RT @delcomval_UE: #EURegionsWeek en la CV ¬øSabes c√≥mo funciona la pol√≠tica de cohesi√≥n de la UE? ¬øY como contribuye al desarrollo de nuestr‚Ä¶,Twitter for iPhone,False,,,,,,,,es,False
2021-10-14 19:00:15+00:00,1448725354135314432,"¬°Registro temporalmente gratuito, aparta tu lugar! Mi√©rcoles 20 de octubre, 9:00 am, CDMX  Webinar: Identificando e‚Ä¶ https://t.co/7TuiYfR4I9",Hootsuite Inc.,True,,,,,,,,es,False
2021-10-14 16:57:59+00:00,1448694585656496136,"RT @GobDigitalCO: @gcastillodaza, Director de Gobierno Digital (E) participar√° hoy, a las 12:00 m., en el panel: 'Efecto de la Transformaci‚Ä¶",Twitter for Android,False,,,,,,,,es,False
2021-10-14 16:00:01+00:00,1448679999045783560,#PorSiTeLoPerdiste. Revive el √∫ltimo episodio de Eureka La Radio Tromponauta. Sigue la frecuencia digital todos los‚Ä¶ https://t.co/7LYmxw7wZl,Twitter Web App,True,,,,,,,,es,False
2021-10-14 15:06:00+00:00,1448666404572450825,¬°Este domingo vamos por la revancha! üíØ  Recibimos a @nacimiento_cdsc en nuestra casa üè†  üèüÔ∏è Estadio Alberto Larragui‚Ä¶ https://t.co/s3cNaci0Gg,Twitter for Android,True,,,,,,,,es,False
2021-10-14 15:02:58+00:00,1448665642844901389,"CAPACITACI√ìN ""MAYORES EN RED"" üë¥üëµ üì±üíª üìå A cargo de la Ps. B√°rbara Ferreyra, que se enmarca en el ‚ÄúPrograma de Inclusi‚Ä¶ https://t.co/jrC23ThLTQ",Twitter for Android,True,,,,,,,,es,False
2021-10-14 14:56:08+00:00,1448663922580484099,"RT @GobDigitalCO: @gcastillodaza, Director de Gobierno Digital (E) participar√° hoy, a las 12:00 m., en el panel: 'Efecto de la Transformaci‚Ä¶",Twitter for iPhone,False,,,,,,,,es,False
2021-10-14 14:26:44+00:00,1448656522217594887,"RT @GobDigitalCO: @gcastillodaza, Director de Gobierno Digital (E) participar√° hoy, a las 12:00 m., en el panel: 'Efecto de la Transformaci‚Ä¶",Twitter for Android,False,,,,,,,,es,False
2021-10-14 14:07:03+00:00,1448651568081817610,"RT @GobDigitalCO: @gcastillodaza, Director de Gobierno Digital (E) participar√° hoy, a las 12:00 m., en el panel: 'Efecto de la Transformaci‚Ä¶",Twitter Web App,False,,,,,,,,es,False
2021-10-14 13:40:38+00:00,1448644922085715970,"RT @GobDigitalCO: @gcastillodaza, Director de Gobierno Digital (E) participar√° hoy, a las 12:00 m., en el panel: 'Efecto de la Transformaci‚Ä¶",Twitter for Android,False,,,,,,,,es,False
2021-10-14 13:34:31+00:00,1448643381584809987,"RT @GobDigitalCO: @gcastillodaza, Director de Gobierno Digital (E) participar√° hoy, a las 12:00 m., en el panel: 'Efecto de la Transformaci‚Ä¶",Twitter Web App,False,,,,,,,,es,False
2021-10-14 13:31:16+00:00,1448642565520117761,"RT @GobDigitalCO: @gcastillodaza, Director de Gobierno Digital (E) participar√° hoy, a las 12:00 m., en el panel: 'Efecto de la Transformaci‚Ä¶",Twitter Web App,False,,,,,,,,es,False
2021-10-14 13:29:24+00:00,1448642095602753536,"RT @GobDigitalCO: @gcastillodaza, Director de Gobierno Digital (E) participar√° hoy, a las 12:00 m., en el panel: 'Efecto de la Transformaci‚Ä¶",Twitter for iPhone,False,,,,,,,,es,False
2021-10-14 13:27:14+00:00,1448641550536396801,"RT @GobDigitalCO: @gcastillodaza, Director de Gobierno Digital (E) participar√° hoy, a las 12:00 m., en el panel: 'Efecto de la Transformaci‚Ä¶",Twitter Web App,False,,,,,,,,es,False
2021-10-14 13:27:13+00:00,1448641545742082053,"RT @GobDigitalCO: @gcastillodaza, Director de Gobierno Digital (E) participar√° hoy, a las 12:00 m., en el panel: 'Efecto de la Transformaci‚Ä¶",Twitter for iPhone,False,,,,,,,,es,False
2021-10-14 13:26:58+00:00,1448641483720904718,"RT @GobDigitalCO: @gcastillodaza, Director de Gobierno Digital (E) participar√° hoy, a las 12:00 m., en el panel: 'Efecto de la Transformaci‚Ä¶",Twitter Web App,False,,,,,,,,es,False
2021-10-14 13:23:57+00:00,1448640723952316418,"RT @GobDigitalCO: @gcastillodaza, Director de Gobierno Digital (E) participar√° hoy, a las 12:00 m., en el panel: 'Efecto de la Transformaci‚Ä¶",Twitter for iPhone,False,,,,,,,,es,False
2021-10-14 13:12:56+00:00,1448637951232053254,"@gcastillodaza, Director de Gobierno Digital (E) participar√° hoy, a las 12:00 m., en el panel: 'Efecto de la Transf‚Ä¶ https://t.co/37nsXpZmOd",Twitter Web App,True,,579408362,gcastillodaza,,,,,es,False
2021-10-14 13:00:01+00:00,1448634699958587392,"Desde el mundo digital vive ciencia, arte y tecnolog√≠a, diversi√≥n interactiva que tendr√°s en #ElTrompoTV. Con√©ctate‚Ä¶ https://t.co/XK1JQTFOP6",Twitter Web App,True,,,,,,,,es,False
2021-10-14 12:35:35+00:00,1448628550303690752,¬øPor qu√© se demora el pago de la leche acopiada y entregada? https://t.co/xvaWJeW2Px Via @Granma_Digital,Twitter Web App,False,,,,,,,,es,False
2021-10-14 12:11:53+00:00,1448622585588092928,@Granma_Digital |Los primeros Juegos Deportivos Panamericanos de la Juventud piensan en el futuro  #Cuba üëâ‚Ä¶ https://t.co/UYGMNzK5t8,Twitter for Android,True,,104927840,Granma_Digital,,,"Place(_api=None, id='ac26bceca6c10474', url='https://api.twitter.com/1.1/geo/id/ac26bceca6c10474.json', place_type='country', name='Cuba', full_name='Cuba', country_code='CU', country='Cuba', contained_within=[], bounding_box=BoundingBox(_api=None, type='Polygon', coordinates=[[[-84.9520078, 19.8264602], [-74.1316494, 19.8264602], [-74.1316494, 23.5949249], [-84.9520078, 23.5949249]]]), attributes={})",,es,False
2021-10-14 12:00:45+00:00,1448619785458274309,RT @delcomval_UE: #EURegionsWeek en la CV ¬øSabes c√≥mo funciona la pol√≠tica de cohesi√≥n de la UE? ¬øY como contribuye al desarrollo de nuestr‚Ä¶,Twitter for Android,False,,,,,,,,es,False
2021-10-14 11:01:55+00:00,1448604979187572742,RT @IEBilbao: La UE ha publicado dos #oposiciones (nivel AD7):  -Criminal√≠stica digital.  -An√°lisis estrat√©gico y operativo. Ôøº üìÖ Fecha l√≠mi‚Ä¶,Twitter for Android,False,,,,,,,,es,False
2021-10-14 10:54:51+00:00,1448603201285070873,Los primeros Juegos Deportivos Panamericanos de la Juventud piensan en el futuro  #Cuba üëâ https://t.co/g19JDxTbQ0 https://t.co/xv6oB4TRmb,Twitter Web App,False,,,,,,,,es,False
2021-10-14 10:37:24+00:00,1448598810687590400,"RT @MundoRadio3: https://t.co/xnLrERKHHM Domingo 12:00 horas, estreno simult√°neo en UCV TV se√±al digital abierta y en YouTube: Klaneme TV S‚Ä¶",Twitter for Android,False,,,,,,,,es,False
2021-10-14 10:34:10+00:00,1448597995956678658,"Cali ser√° la sede principal y las subsedes Palmira, Yumbo, Jamund√≠, Buga y Calima El Dari√©n, del 25 de noviembre al‚Ä¶ https://t.co/fhjxQvlL1e",Twitter Web App,True,,,,,,,,es,False
2021-10-14 10:05:27+00:00,1448590767937753093,RT @delcomval_UE: #EURegionsWeek en la CV ¬øSabes c√≥mo funciona la pol√≠tica de cohesi√≥n de la UE? ¬øY como contribuye al desarrollo de nuestr‚Ä¶,Twitter Web App,False,,,,,,,,es,False
2021-10-14 09:58:14+00:00,1448588951237824516,RT @delcomval_UE: #EURegionsWeek en la CV ¬øSabes c√≥mo funciona la pol√≠tica de cohesi√≥n de la UE? ¬øY como contribuye al desarrollo de nuestr‚Ä¶,Twitter for Android,False,,,,,,,,es,False
2021-10-14 09:43:52+00:00,1448585336527990785,RT @delcomval_UE: #EURegionsWeek en la CV ¬øSabes c√≥mo funciona la pol√≠tica de cohesi√≥n de la UE? ¬øY como contribuye al desarrollo de nuestr‚Ä¶,Twitter for Android,False,,,,,,,,es,False
2021-10-14 09:37:54+00:00,1448583835206266880,RT @delcomval_UE: #EURegionsWeek en la CV ¬øSabes c√≥mo funciona la pol√≠tica de cohesi√≥n de la UE? ¬øY como contribuye al desarrollo de nuestr‚Ä¶,Twitter for iPhone,False,,,,,,,,es,False
2021-10-14 09:36:47+00:00,1448583555110539264,RT @delcomval_UE: #EURegionsWeek en la CV ¬øSabes c√≥mo funciona la pol√≠tica de cohesi√≥n de la UE? ¬øY como contribuye al desarrollo de nuestr‚Ä¶,Twitter for Android,False,,,,,,,,es,False
2021-10-14 09:35:46+00:00,1448583300075884544,RT @delcomval_UE: #EURegionsWeek en la CV ¬øSabes c√≥mo funciona la pol√≠tica de cohesi√≥n de la UE? ¬øY como contribuye al desarrollo de nuestr‚Ä¶,Twitter for Android,False,,,,,,,,es,False
2021-10-14 09:08:21+00:00,1448576399858601988,#EURegionsWeek en la CV ¬øSabes c√≥mo funciona la pol√≠tica de cohesi√≥n de la UE? ¬øY como contribuye al desarrollo de‚Ä¶ https://t.co/km9so1KJh9,Twitter Web App,True,,,,,,,,es,False
2021-10-14 07:50:03+00:00,1448556694611562499,La UE ha publicado dos #oposiciones (nivel AD7):  -Criminal√≠stica digital.  -An√°lisis estrat√©gico y operativo. Ôøº üìÖ‚Ä¶ https://t.co/eeTbVR6HWx,Twitter Web App,True,,,,,,,,es,False
2021-10-14 04:27:29+00:00,1448505718659764230,"RT @RevistaNeo: ¬°Registro temporalmente gratuito, aparta tu lugar! Mi√©rcoles 20 de octubre, 9:00 am, CDMX  Webinar: Identificando el ADN de‚Ä¶",Twitter for iPhone,False,,,,,,,,es,False
2021-10-14 03:25:04+00:00,1448490009997111303,"https://t.co/xnLrERKHHM Domingo 12:00 horas, estreno simult√°neo en UCV TV se√±al digital abierta y en YouTube: Klaneme TV Streaming.",Twitter for Android,False,,,,,,,,es,False
2021-10-14 03:00:01+00:00,1448483706272829452,"#CervantinoEnTv4 üé≠ ¬∑ NoGravity ¬∑ Inferno  Inferno re√∫ne el teatro f√≠sico, la acrobacia a√©rea y danza de ilusi√≥n par‚Ä¶ https://t.co/9pJsWrg2ai",Twitter Web App,True,,,,,,,,es,False
2021-10-13 21:00:11+00:00,1448393149563514885,"¬°Registro temporalmente gratuito, aparta tu lugar! Mi√©rcoles 20 de octubre, 9:00 am, CDMX  Webinar: Identificando e‚Ä¶ https://t.co/AklqsNDOg6",Hootsuite Inc.,True,,,,,,,,es,False
2021-10-13 19:03:12+00:00,1448363708326064132,RT @cronicabanqueta: AMIGOS LOS VEO EN LA @FILZocalo a las 12:30 h Estaremos presentando: #CronicasDeBanquetaElLibro Acompa√±ados de mis ami‚Ä¶,Twitter for Android,False,,,,,,,,es,False
2021-10-13 18:29:09+00:00,1448355139320832004,RT @cronicabanqueta: AMIGOS LOS VEO EN LA @FILZocalo a las 12:30 h Estaremos presentando: #CronicasDeBanquetaElLibro Acompa√±ados de mis ami‚Ä¶,Twitter for Android,False,,,,,,,,es,False
2021-10-13 18:20:08+00:00,1448352872001724417,RT @KArgentinaok: [HAPPY K DAY] CAP√çTULO 4 ¬°Publicidad en Jap√≥n!    üìç Edificio Kokumin Shinsaibashi (Big Digital Signage) üóì 18-24 de octubr‚Ä¶,Twitter for iPad,False,,,,,,,,es,False
2021-10-13 18:18:07+00:00,1448352364088512512,RT @CambiosZoom: Tasa a partir de la 12:00 pm #Miercoles üì£ 13/10/2021 Cotizando Tasa reflejada en #Bs #Digital #ZoomColombia #Cont√°ctanos #‚Ä¶,YI XUAN,False,,,,,,,,es,False
2021-10-13 18:17:05+00:00,1448352106772144130,RT @Cecedraws_: Horario de stream (definitivo por fin) üíô Martes 12:30 - 13:00 Luna's fishing garden  üíú Jueves 19:00 Potion craft ü§ç Sabado 1‚Ä¶,Twitter Web App,False,,,,,,,,es,False
2021-10-13 18:15:13+00:00,1448351633247776772,Tasa a partir de la 12:00 pm #Miercoles üì£ 13/10/2021 Cotizando Tasa reflejada en #Bs #Digital #ZoomColombia‚Ä¶ https://t.co/eBuxby177P,Twitter for Android,True,,,,,,,,es,False
2021-10-13 17:28:38+00:00,1448339912680423428,RT @Andrey5004: ¬øPor qu√© se demora el pago de la leche acopiada y entregada? https://t.co/QjTaeLtM9s Via @Granma_Digital,Twitter for Android,False,,,,,,,,es,False
2021-10-13 16:40:36+00:00,1448327825971453960,RT @cronicabanqueta: AMIGOS LOS VEO EN LA @FILZocalo a las 12:30 h Estaremos presentando: #CronicasDeBanquetaElLibro Acompa√±ados de mis ami‚Ä¶,Twitter for Android,False,,,,,,,,es,False
2021-10-13 16:26:52+00:00,1448324367729844227,RT @cronicabanqueta: AMIGOS LOS VEO EN LA @FILZocalo a las 12:30 h Estaremos presentando: #CronicasDeBanquetaElLibro Acompa√±ados de mis ami‚Ä¶,Twitter for Android,False,,,,,,,,es,False
2021-10-13 16:23:32+00:00,1448323530307903488,AMIGOS LOS VEO EN LA @FILZocalo a las 12:30 h Estaremos presentando: #CronicasDeBanquetaElLibro Acompa√±ados de mis‚Ä¶ https://t.co/K3jxY3H2fb,Twitter for Android,True,,,,,,,,es,False
2021-10-13 15:00:05+00:00,1448302527431196673,"La Secretar√≠a de Energ√≠a impulsa la conectividad digital en 14 provincias (s√≠, una de ellas es Mendoza)‚Ä¶ https://t.co/qvp986Rj5j",mendozatoday.com.ar,True,,,,,,,,es,False
2021-10-13 15:00:03+00:00,1448302519206268928,üéô¬°Hablamos de la regulaci√≥n del sector de #criptomonedas y de las oportunidades de #inversi√≥n que ofrecemos en‚Ä¶ https://t.co/JeCzALlHLU,TweetDeck,True,,,,,,,,es,False
2021-10-13 14:56:36+00:00,1448301651849187331,RT @KArgentinaok: [HAPPY K DAY] CAP√çTULO 4 ¬°Publicidad en Jap√≥n!    üìç Edificio Kokumin Shinsaibashi (Big Digital Signage) üóì 18-24 de octubr‚Ä¶,Twitter for Android,False,,,,,,,,es,False
2021-10-13 14:48:16+00:00,1448299552264495111,RT @KTeam_Chile: [HAPPY K DAY üíö cap√≠tulo 4]  ¬°Publicidad en Osaka!  (segunda publicidad en Jap√≥n).   üìç Edificio Kokumin Shinsaibashi (Big D‚Ä¶,Twitter for iPhone,False,,,,,,,,es,False
2021-10-13 14:36:26+00:00,1448296576062005256,√òMI - You (Prod. SUGA of BTS)  Se lanzar√° el single digital y el Mv oficial el 15 de Octubre a las  12:00AM KST.‚Ä¶ https://t.co/cAkw046WeI,Twitter for Android,True,,,,,,,,es,False
2021-10-13 14:08:16+00:00,1448289488346750979,¬øPor qu√© se demora el pago de la leche acopiada y entregada? https://t.co/cwVeKQMMdT Via @Granma_Digital #AgriculturaCubana,Twitter for Android,False,,,,,,,,es,False
2021-10-13 13:40:40+00:00,1448282542000377861,RT @KArgentinaok: [HAPPY K DAY] CAP√çTULO 4 ¬°Publicidad en Jap√≥n!    üìç Edificio Kokumin Shinsaibashi (Big Digital Signage) üóì 18-24 de octubr‚Ä¶,Twitter for iPhone,False,,,,,,,,es,False
2021-10-13 13:36:51+00:00,1448281580577886211,"RT @Cristia54985491: Rodrigo, un talento desbordante de futuro https://t.co/pX1gBGsLLa Via @Granma_Digital",Twitter for Android,False,,,,,,,,es,False
2021-10-13 13:26:12+00:00,1448278901231341574,RT @KTeam_Chile: [HAPPY K DAY üíö cap√≠tulo 4]  ¬°Publicidad en Osaka!  (segunda publicidad en Jap√≥n).   üìç Edificio Kokumin Shinsaibashi (Big D‚Ä¶,Twitter for iPad,False,,,,,,,,es,False
2021-10-13 13:17:09+00:00,1448276625741787140,Canci√≥n contigo https://t.co/D8CQ24cJbG Via @Granma_Digital,Twitter Web App,False,,,,,,,,es,False
2021-10-13 13:16:13+00:00,1448276388927131651,"Rodrigo, un talento desbordante de futuro https://t.co/pX1gBGsLLa Via @Granma_Digital",Twitter Web App,False,,,,,,,,es,False
2021-10-13 13:15:24+00:00,1448276184677167106,¬øPor qu√© se demora el pago de la leche acopiada y entregada? https://t.co/4SmYFMKLWF Via @Granma_Digital,Twitter Web App,False,,,,,,,,es,False
2021-10-13 13:14:24+00:00,1448275933060870152,Los primeros Juegos Deportivos Panamericanos de la Juventud piensan en el futuro https://t.co/n1c6nrEZcH Via @Granma_Digital,Twitter Web App,False,,,,,,,,es,False
2021-10-13 13:13:50+00:00,1448275787350749188,Codina pone otra vez la bola en juego https://t.co/pnsXn4y78U Via @Granma_Digital,Twitter Web App,False,,,,,,,,es,False
2021-10-13 13:13:05+00:00,1448275600951681031,El deporte cubano aumenta su prestigio https://t.co/Yku4Sp6gQh Via @Granma_Digital,Twitter Web App,False,,,,,,,,es,False
2021-10-13 13:12:29+00:00,1448275451215060993,Brasil es l√≠der invicto en eliminatorias de Conmebol https://t.co/T1u4ypYGQR Via @Granma_Digital,Twitter Web App,False,,,,,,,,es,False
2021-10-13 13:11:47+00:00,1448275275050065926,Los censos en Cuba https://t.co/CjX4MT5bfW Via @Granma_Digital,Twitter Web App,False,,,,,,,,es,False
2021-10-13 12:31:24+00:00,1448265111819493377,[HAPPY K DAY] CAP√çTULO 4 ¬°Publicidad en Jap√≥n!    üìç Edificio Kokumin Shinsaibashi (Big Digital Signage) üóì 18-24 de‚Ä¶ https://t.co/otVQ90r7Ji,Twitter for Android,True,,,,,,,,es,False
2021-10-13 12:17:29+00:00,1448261608212291588,RT @KTeam_Chile: [HAPPY K DAY üíö cap√≠tulo 4]  ¬°Publicidad en Osaka!  (segunda publicidad en Jap√≥n).   üìç Edificio Kokumin Shinsaibashi (Big D‚Ä¶,Twitter for iPhone,False,,,,,,,,es,False
2021-10-13 12:12:02+00:00,1448260238835027972,RT @KTeam_Chile: [HAPPY K DAY üíö cap√≠tulo 4]  ¬°Publicidad en Osaka!  (segunda publicidad en Jap√≥n).   üìç Edificio Kokumin Shinsaibashi (Big D‚Ä¶,Twitter for iPhone,False,,,,,,,,es,False
2021-10-13 12:11:44+00:00,1448260161504645120,RT @KTeam_Chile: [HAPPY K DAY üíö cap√≠tulo 4]  ¬°Publicidad en Osaka!  (segunda publicidad en Jap√≥n).   üìç Edificio Kokumin Shinsaibashi (Big D‚Ä¶,Twitter for iPad,False,,,,,,,,es,False
2021-10-13 12:10:30+00:00,1448259850060849152,¬øPor qu√© se demora el pago de la leche acopiada y entregada? https://t.co/QjTaeLtM9s Via @Granma_Digital,Twitter Web App,False,,,,,,,,es,False
2021-10-13 12:08:14+00:00,1448259280709328908,"Nuestro director general, Antonio Palacio, present√≥ Bitsa Rewards en @rintereconomia y habl√≥ sobre el presente y fu‚Ä¶ https://t.co/BxG7tWSuhx",Twitter Web App,True,,,,,,,,es,False
2021-10-13 12:01:55+00:00,1448257691265155072,üöÄ #ViernesDEC junto a @Hootsuite_ES  üóìÔ∏è 22 de octubre üïõ 12:00 h. üíª 100% online  Hablaremos sobre c√≥mo empoderar a l‚Ä¶ https://t.co/AjqFXU4rfB,Twitter Web App,True,,,,,,,,es,False
2021-10-13 11:24:44+00:00,1448248334334922765,RT @KTeam_Chile: [HAPPY K DAY üíö cap√≠tulo 4]  ¬°Publicidad en Osaka!  (segunda publicidad en Jap√≥n).   üìç Edificio Kokumin Shinsaibashi (Big D‚Ä¶,Twitter for Android,False,,,,,,,,es,False
2021-10-13 11:24:00+00:00,1448248150221750273,RT @KTeam_Chile: [HAPPY K DAY üíö cap√≠tulo 4]  ¬°Publicidad en Osaka!  (segunda publicidad en Jap√≥n).   üìç Edificio Kokumin Shinsaibashi (Big D‚Ä¶,Twitter for iPhone,False,,,,,,,,es,False
2021-10-13 11:21:26+00:00,1448247504655593473,[HAPPY K DAY üíö cap√≠tulo 4]  ¬°Publicidad en Osaka!  (segunda publicidad en Jap√≥n).   üìç Edificio Kokumin Shinsaibashi‚Ä¶ https://t.co/uEgozglRve,Twitter for Android,True,,,,,,,,es,False
2021-10-13 11:00:03+00:00,1448242119756455938,Ya se acerca el 8vo. encuentro del Tercer Ciclo del Ceva Business Program üóìÔ∏è Jueves 14/10 de 9.00 a 12.00 hs MARCA‚Ä¶ https://t.co/0hKqroHlG5,Twitter Web App,True,,,,,,,,es,False
2021-10-13 10:50:28+00:00,1448239709956759557,"Rodrigo, un talento desbordante de futuro https://t.co/znbCfyBaAS Via @Granma_Digital",Twitter Web App,False,,,,,,,,es,False
2021-10-13 09:58:16+00:00,1448226574663356417,RT @JuvenalBalan: ¬øPor qu√© se demora el pago de la leche acopiada y entregada? https://t.co/xSjRfsdC7r Via @Granma_Digital,Twitter for Android,False,,,,,,,,es,False
2021-10-13 09:43:47+00:00,1448222929754415105,"üóì  21 de octubre de 10:00 a 12:30h (Centroam√©rica) 18:00h Espa√±a, Foro ‚Äú#Transformaci√≥nDigital en el #SectorP√∫blico‚Ä¶ https://t.co/brSDg4lrDx",LinkedIn,True,,,,,,,,es,False
2021-10-13 07:07:46+00:00,1448183667604480002,RT @silvano_Cuba: El deporte cubano aumenta su prestigio https://t.co/uMHYd85iZY Via @Granma_Digital,Twitter for iPhone,False,,,,,,,,es,False
2021-10-13 04:31:01+00:00,1448144218417893378,"Equipo de laboratorio de pipetas multicanal de tienda oficial JOANLAB, micropipeta ajustable Digital Manual, pipeta‚Ä¶ https://t.co/c2tdZvgeg3",Twitter Web App,True,,,,,,,,es,False
2021-10-13 01:55:34+00:00,1448105100011085826,RT @LuisMonteroMus1: ¬øPor qu√© se demora el pago de la leche acopiada y entregada? https://t.co/HZwIJw4MyY Via @Granma_Digital @MINAGCuba @Y‚Ä¶,Twitter Web App,False,,,,,,,,es,False
2021-10-13 01:54:06+00:00,1448104728013967361,¬øPor qu√© se demora el pago de la leche acopiada y entregada? https://t.co/CAmKRAOHSc Via @Granma_Digital #Taguasco #PensarComoPais,Twitter Web App,False,,,,,,,,es,False
2021-10-12 22:33:53+00:00,1448054341844279298,"RT @PROCIVILSV: ""Este Gobierno tiene como prioridad salvaguardar la salud y la vida de cada salvadore√±o, por ello el proceso de verificaci√≥‚Ä¶",Twitter for Android,False,,,,,,,,es,False
2021-10-12 22:33:48+00:00,1448054322063892481,"RT @PROCIVILSV: ""Este Gobierno tiene como prioridad salvaguardar la salud y la vida de cada salvadore√±o, por ello el proceso de verificaci√≥‚Ä¶",Twitter for Android,False,,,,,,,,es,False
2021-10-12 22:20:32+00:00,1448050983515328512,"RT @dptoccssPUCP: #IICPUCP2021 |üí¨Conversatorio: ""Arte y Antropolog√≠a: procesos de investigaci√≥n y nuevos modos de circulaci√≥n"".  üóìÔ∏èFecha: m‚Ä¶",Twitter Web App,False,,,,,,,,es,False
2021-10-12 20:58:13+00:00,1448030266161774595,"#Cuba  Para el prestigioso intelectual Alejo Carpentier, hay dos tipos de m√∫sica populares que conquistaron al plan‚Ä¶ https://t.co/otkzlhNcAG",Twitter Web App,True,,,,,,,,es,False
2021-10-12 20:38:49+00:00,1448025384373608453,"Recientemente qued√≥ constituida la Comisi√≥n de Coordinaci√≥n Nacional del Censo de Poblaci√≥n y Viviendas 2022, presi‚Ä¶ https://t.co/BPyBmPEmCX",Twitter Web App,True,1448025381303422980,104927840,Granma_Digital,,,,,es,False
2021-10-12 20:38:48+00:00,1448025381303422980,"Seg√∫n la Oficina Nacional de Estad√≠stica e Informaci√≥n (ONEI), el primer censo reconocido en #Cuba se efectu√≥ en 17‚Ä¶ https://t.co/telMzHc7xr",Twitter Web App,True,,,,,,,,es,False
2021-10-12 20:34:45+00:00,1448024360258871304,Las eliminatorias sudamericanas rumbo al mundial de Catar-2022 superan la mitad del camino y este fin de semana se‚Ä¶ https://t.co/NBweo4t9OT,Twitter Web App,True,,,,,,,,es,False
2021-10-12 20:33:33+00:00,1448024060055654403,"En abril de este a√±o el Gobierno de #Cuba aprob√≥ (...), 63 medidas de flexibilizaci√≥n en el sector agropecuario, a‚Ä¶ https://t.co/1oRYdaBMKH",Twitter Web App,True,,,,,,,,es,False
2021-10-12 19:51:04+00:00,1448013369202647045,Los primeros Juegos Deportivos Panamericanos de la Juventud piensan en el futuro https://t.co/7hyiNP9oRF Via @Granma_Digital,Twitter for Android,False,,,,,,,,es,False
2021-10-12 19:30:38+00:00,1448008228286214144,"RT @EmbaMexBol: Participa en el Foro Econ√≥mico de las Am√©ricas, evento digital que abordar√° temas de inter√©s sobre la reactivaci√≥n econ√≥mic‚Ä¶",Twitter Web App,False,,,,,,,,es,False
2021-10-12 19:15:41+00:00,1448004464565235720,"RT @EmbaMexBol: Participa en el Foro Econ√≥mico de las Am√©ricas, evento digital que abordar√° temas de inter√©s sobre la reactivaci√≥n econ√≥mic‚Ä¶",Twitter for Android,False,,,,,,,,es,False
2021-10-12 19:13:04+00:00,1448003806197919749,"Participa en el Foro Econ√≥mico de las Am√©ricas, evento digital que abordar√° temas de inter√©s sobre la reactivaci√≥n‚Ä¶ https://t.co/WWH4xRQYxq",Twitter Web App,True,,,,,,,,es,False
2021-10-12 18:00:38+00:00,1447985575047335937,"üì£üîù ¬°Recuerda!  @UNIRuniversidad te invita a participar a una clase gratuita con @jirouyet, Director del M√°ster en E‚Ä¶ https://t.co/jrQKOqBHFy",Hootsuite Inc.,True,,,,,,,,es,False
2021-10-12 17:50:37+00:00,1447983055990366208,Canci√≥n contigo https://t.co/uA5y9WDBI4 Via @Granma_Digital,Twitter Web App,False,,,,,,,,es,False
2021-10-12 17:48:09+00:00,1447982436080566276,¬øPor qu√© se demora el pago de la leche acopiada y entregada? https://t.co/xSjRfsdC7r Via @Granma_Digital,Twitter Web App,False,,,,,,,,es,False
2021-10-12 17:45:40+00:00,1447981812446269441,"RT @AmChamGT: La innovaci√≥n tecnol√≥gica ha generado oportunidades en nuestro sistema de salud, a√∫n puede registrarse para conocer de estas‚Ä¶",Twitter for iPhone,False,,,,,,,,es,False
2021-10-12 17:16:30+00:00,1447974471575515137,"RT @AmChamGT: La innovaci√≥n tecnol√≥gica ha generado oportunidades en nuestro sistema de salud, a√∫n puede registrarse para conocer de estas‚Ä¶",Twitter for iPhone,False,,,,,,,,es,False
2021-10-12 17:14:04+00:00,1447973857642549249,RT @citeica: HOY Consultas virtuales gratuitas ü§ìüíª Realiza tus consultas sobre: ‚ñ∂ Marketing digital NO TE QUEDES CON DUDAS üîΩüîΩüîΩüîΩ Link de insc‚Ä¶,Twitter for Android,False,,,,,,,,es,False
2021-10-12 17:09:53+00:00,1447972806675910668,RT @AbelPrieto11: Codina pone otra vez la bola en juego https://t.co/t4WBhGZH7I Via @Granma_Digital,Twitter Web App,False,,,,,,,,es,False
2021-10-12 16:57:00+00:00,1447969563765846018,RT @AbelPrieto11: Codina pone otra vez la bola en juego https://t.co/t4WBhGZH7I Via @Granma_Digital,Twitter Web App,False,,,,,,,,es,False
2021-10-12 16:40:56+00:00,1447965520855240711,Canci√≥n contigo.      #Artemisa #Cuba @CubaMES @jsaborido50 @CarlosESurezPo1  https://t.co/wiSFZYIZXD Via @Granma_Digital,Twitter Web App,False,,,,,,,,es,False
2021-10-12 16:40:34+00:00,1447965426357608450,El deporte cubano aumenta su prestigio.      #Artemisa #Cuba @CubaMES @jsaborido50 @CarlosESurezPo1‚Ä¶ https://t.co/authrIP6Is,Twitter Web App,True,,,,,,,,es,False
2021-10-12 16:39:44+00:00,1447965215920885764,Los primeros Juegos Deportivos Panamericanos de la Juventud piensan en el futuro.      #Artemisa #Cuba @CubaMES‚Ä¶ https://t.co/xa4PkmrT2M,Twitter Web App,True,,,,,,,,es,False
2021-10-12 16:27:23+00:00,1447962109099323397,RT @AbelPrieto11: Codina pone otra vez la bola en juego https://t.co/t4WBhGZH7I Via @Granma_Digital,Twitter Web App,False,,,,,,,,es,False
2021-10-12 16:24:33+00:00,1447961394855530498,RT @AbelPrieto11: Codina pone otra vez la bola en juego https://t.co/t4WBhGZH7I Via @Granma_Digital,Twitter for Android,False,,,,,,,,es,False
2021-10-12 16:23:59+00:00,1447961252454612995,"RT @PROCIVILSV: ""Este Gobierno tiene como prioridad salvaguardar la salud y la vida de cada salvadore√±o, por ello el proceso de verificaci√≥‚Ä¶",Twitter for iPhone,False,,,,,,,,es,False
2021-10-12 16:23:53+00:00,1447961229054652419,"RT @PROCIVILSV: ""Este Gobierno tiene como prioridad salvaguardar la salud y la vida de cada salvadore√±o, por ello el proceso de verificaci√≥‚Ä¶",Twitter for iPhone,False,,,,,,,,es,False
2021-10-12 16:15:29+00:00,1447959116807380995,RT @AbelPrieto11: Codina pone otra vez la bola en juego https://t.co/t4WBhGZH7I Via @Granma_Digital,Twitter for Android,False,,,,,,,,es,False
2021-10-12 16:15:18+00:00,1447959068094644227,Codina pone otra vez la bola en juego https://t.co/t4WBhGZH7I Via @Granma_Digital,Twitter Web App,False,,,,,,,,es,False
2021-10-12 15:37:32+00:00,1447949562753257477,"RT @AmChamGT: La innovaci√≥n tecnol√≥gica ha generado oportunidades en nuestro sistema de salud, a√∫n puede registrarse para conocer de estas‚Ä¶",Twitter for iPhone,False,,,,,,,,es,False
2021-10-12 15:36:35+00:00,1447949324957126659,"RT @LaHuellaSV: ""Este Gobierno tiene como prioridad salvaguardar la salud y la vida de cada salvadore√±o, por ello el proceso de verificaci√≥‚Ä¶",Twitter for Android,False,,,,,,,,es,False
2021-10-12 15:22:21+00:00,1447945743705251843,"RT @PROCIVILSV: ""Este Gobierno tiene como prioridad salvaguardar la salud y la vida de cada salvadore√±o, por ello el proceso de verificaci√≥‚Ä¶",Twitter for Android,False,,,,,,,,es,False
2021-10-12 15:19:33+00:00,1447945038491578370,"RT @PROCIVILSV: ""Este Gobierno tiene como prioridad salvaguardar la salud y la vida de cada salvadore√±o, por ello el proceso de verificaci√≥‚Ä¶",Twitter for iPad,False,,,,,,,,es,False
2021-10-12 15:12:25+00:00,1447943242956382213,"RT @PROCIVILSV: ""Este Gobierno tiene como prioridad salvaguardar la salud y la vida de cada salvadore√±o, por ello el proceso de verificaci√≥‚Ä¶",Twitter for Android,False,,,,,,,,es,False
2021-10-12 15:12:24+00:00,1447943240439713795,"RT @PROCIVILSV: ""Este Gobierno tiene como prioridad salvaguardar la salud y la vida de cada salvadore√±o, por ello el proceso de verificaci√≥‚Ä¶",Twitter for iPhone,False,,,,,,,,es,False
2021-10-12 15:12:19+00:00,1447943219736727561,"RT @PROCIVILSV: ""Este Gobierno tiene como prioridad salvaguardar la salud y la vida de cada salvadore√±o, por ello el proceso de verificaci√≥‚Ä¶",Twitter for Android,False,,,,,,,,es,False
2021-10-12 15:08:02+00:00,1447942141733388288,"""Este Gobierno tiene como prioridad salvaguardar la salud y la vida de cada salvadore√±o, por ello el proceso de ver‚Ä¶ https://t.co/Ct0zvh0oBs",Twitter for Android,True,,,,,,,,es,False
2021-10-12 15:04:51+00:00,1447941341695156224,"RT @PROCIVILSV: ""Este Gobierno tiene como prioridad salvaguardar la salud y la vida de cada salvadore√±o, por ello el proceso de verificaci√≥‚Ä¶",Twitter for Android,False,,,,,,,,es,False
2021-10-12 15:04:49+00:00,1447941333251940363,"RT @PROCIVILSV: ""Este Gobierno tiene como prioridad salvaguardar la salud y la vida de cada salvadore√±o, por ello el proceso de verificaci√≥‚Ä¶",Twitter for Android,False,,,,,,,,es,False
2021-10-12 15:02:19+00:00,1447940702768353287,"""Este Gobierno tiene como prioridad salvaguardar la salud y la vida de cada salvadore√±o, por ello el proceso de ver‚Ä¶ https://t.co/Ljvm7zPIdt",Twitter for Android,True,,,,,,,,es,False
2021-10-12 15:01:07+00:00,1447940398844895245,"""Este Gobierno tiene como prioridad salvaguardar la salud y la vida de cada salvadore√±o, por ello el proceso de ver‚Ä¶ https://t.co/BxT9Gk3qlf",Twitter for Android,True,,,,,,,,es,False
2021-10-12 14:52:43+00:00,1447938284496293892,HOY Consultas virtuales gratuitas ü§ìüíª Realiza tus consultas sobre: ‚ñ∂ Marketing digital NO TE QUEDES CON DUDAS üîΩüîΩüîΩüîΩ L‚Ä¶ https://t.co/QkNgMr3hNl,Twitter Web App,True,,,,,,,,es,False
2021-10-12 14:52:16+00:00,1447938172135018513,"RT @AmChamGT: La innovaci√≥n tecnol√≥gica ha generado oportunidades en nuestro sistema de salud, a√∫n puede registrarse para conocer de estas‚Ä¶",Twitter Web App,False,,,,,,,,es,False
2021-10-12 14:50:08+00:00,1447937634177798149,"La innovaci√≥n tecnol√≥gica ha generado oportunidades en nuestro sistema de salud, a√∫n puede registrarse para conocer‚Ä¶ https://t.co/5BQbpsyO9V",Agorapulse app,True,,,,,,,,es,False
2021-10-12 14:28:28+00:00,1447932184422146048,"@Granma_Digital Codina pone otra vez la bola en juego.  Cuando el beisbol se parece al cine, obra de Norberto Codin‚Ä¶ https://t.co/5tnBAvcDN9",Twitter for Android,True,,104927840,Granma_Digital,,,"Place(_api=None, id='ac26bceca6c10474', url='https://api.twitter.com/1.1/geo/id/ac26bceca6c10474.json', place_type='country', name='Cuba', full_name='Cuba', country_code='CU', country='Cuba', contained_within=[], bounding_box=BoundingBox(_api=None, type='Polygon', coordinates=[[[-84.9520078, 19.8264602], [-74.1316494, 19.8264602], [-74.1316494, 23.5949249], [-84.9520078, 23.5949249]]]), attributes={})",,es,False
2021-10-12 14:02:59+00:00,1447925768739242002,"Hoy sugerimos la lectura de: Codina pone otra vez la bola en juego  Cuando el beisbol se parece al cine, obra de No‚Ä¶ https://t.co/VsxKBUOjio",Twitter Web App,True,,,,,,,,es,False
2021-10-12 14:00:28+00:00,1447925138373160982,"RT @Artex_artecuba: El Che, en la realizaci√≥n de la utop√≠a https://t.co/SqJnbyDlRZ Via @Granma_Digital",Twitter for Android,False,,,,,,,,es,False
2021-10-12 13:45:29+00:00,1447921368360701953,"RT @Artex_artecuba: El Che, en la realizaci√≥n de la utop√≠a https://t.co/SqJnbyDlRZ Via @Granma_Digital",Twitter Web App,False,,,,,,,,es,False
2021-10-12 13:32:55+00:00,1447918204114948115,RT @silvano_Cuba: El deporte cubano aumenta su prestigio https://t.co/uMHYd85iZY Via @Granma_Digital,Twitter for Android,False,,,,,,,,es,False
2021-10-12 13:23:09+00:00,1447915744575082501,"#Cuba prepara a m√°s de 200 atletas para participar en m√°s de 20 deportes, en un certamen que, en total, entregar√° 3‚Ä¶ https://t.co/SfnwNb2HKN",Twitter Web App,True,,,,,,,,es,False
2021-10-12 13:11:27+00:00,1447912802933485581,El deporte de #Cuba es reconocido a nivel panamericano https://t.co/zu7Q43m2ki,Twitter Web App,False,,,,,,,,es,False
2021-10-12 13:08:28+00:00,1447912050307608582,"Los invitamos a leer: Canci√≥n contigo, un art√≠culo de opini√≥n de Pedro de la Hoz   üëâ El programa televisivo Canci√≥n‚Ä¶ https://t.co/wLwLSdy9N0",Twitter Web App,True,,,,,,,,es,False
2021-10-12 12:57:08+00:00,1447909196754821132,RT @artex_vc: Canci√≥n contigo https://t.co/yk8u8vRr3d Via @Granma_Digital,Twitter Web App,False,,,,,,,,es,False
2021-10-12 12:56:47+00:00,1447909111207706626,Canci√≥n contigo https://t.co/yk8u8vRr3d Via @Granma_Digital,Twitter Web App,False,,,,,,,,es,False
2021-10-12 12:47:03+00:00,1447906660366929926,RT @Dr_CastilloDiaz: Los primeros Juegos Deportivos Panamericanos de la Juventud piensan en el futuro https://t.co/VvbqoWH9B3 Via @Granma_D‚Ä¶,Twitter Web App,False,,,,,,,,es,False
2021-10-12 12:43:23+00:00,1447905739507441670,RT @silvano_Cuba: El deporte cubano aumenta su prestigio https://t.co/uMHYd85iZY Via @Granma_Digital,Twitter Web App,False,,,,,,,,es,False
2021-10-12 12:41:21+00:00,1447905225587712001,RT @silvano_Cuba: El deporte cubano aumenta su prestigio https://t.co/uMHYd85iZY Via @Granma_Digital,Twitter Web App,False,,,,,,,,es,False
2021-10-12 12:40:15+00:00,1447904951120891912,El deporte cubano aumenta su prestigio https://t.co/uMHYd85iZY Via @Granma_Digital,Twitter Web App,False,,,,,,,,es,False
2021-10-12 12:30:46+00:00,1447902562552791046,"Rodrigo, un talento desbordante de futuro https://t.co/dDYyOcNECq Via @Granma_Digital",Twitter Web App,False,,,,,,,,es,False
2021-10-12 12:29:21+00:00,1447902207291035655,El deporte cubano aumenta su prestigio https://t.co/TpGPqetAbv Via @Granma_Digital,Twitter Web App,False,,,,,,,,es,False
2021-10-12 12:28:30+00:00,1447901993448652809,Codina pone otra vez la bola en juego https://t.co/iqoPTW97OC Via @Granma_Digital,Twitter Web App,False,,,,,,,,es,False
2021-10-12 12:27:16+00:00,1447901684324253723,¬øPor qu√© se demora el pago de la leche acopiada y entregada? https://t.co/d6Bkt8P7rm Via @Granma_Digital,Twitter Web App,False,,,,,,,,es,False
2021-10-12 12:26:50+00:00,1447901575264014339,Los primeros Juegos Deportivos Panamericanos de la Juventud piensan en el futuro https://t.co/qXyBDT0ey9 Via @Granma_Digital,Twitter Web App,False,,,,,,,,es,False
2021-10-12 12:26:07+00:00,1447901393906458628,"Rodrigo, un talento desbordante de futuro https://t.co/D1d6YSGjG8 Via @Granma_Digital",Twitter Web App,False,,,,,,,,es,False
2021-10-12 12:18:40+00:00,1447899516653428743,RT @icap_1954: Queremos invitarte a la clase abierta que ofrecer√° la Universidad del Internet @INAPGuatemala @icap_1954 denominada:  Transf‚Ä¶,Twitter for iPhone,False,,,,,,,,es,False
2021-10-12 12:12:11+00:00,1447897885614432258,¬øPor qu√© se demora el pago de la leche acopiada y entregada? https://t.co/HZwIJw4MyY Via @Granma_Digital @MINAGCuba‚Ä¶ https://t.co/1Btov4tDev,Twitter Web App,True,,,,,,,,es,False
2021-10-12 11:46:20+00:00,1447891381628846084,RT @foto_abreu: El deporte cubano aumenta su prestigio https://t.co/XC51spfq3D Via @Granma_Digital,Twitter Web App,False,,,,,,,,es,False
2021-10-12 11:46:14+00:00,1447891355896885251,El deporte cubano aumenta su prestigio https://t.co/XC51spfq3D Via @Granma_Digital,Twitter Web App,False,,,,,,,,es,False
2021-10-12 11:45:23+00:00,1447891143270748168,RT @foto_abreu: Los primeros Juegos Deportivos Panamericanos de la Juventud piensan en el futuro https://t.co/XPWFg6hPft Via @Granma_Digital,Twitter Web App,False,,,,,,,,es,False
2021-10-12 11:45:13+00:00,1447891102460256258,Los primeros Juegos Deportivos Panamericanos de la Juventud piensan en el futuro https://t.co/XPWFg6hPft Via @Granma_Digital,Twitter Web App,False,,,,,,,,es,False
2021-10-12 11:44:23+00:00,1447890889506963460,"RT @foto_abreu: Rodrigo, un talento desbordante de futuro https://t.co/KukgF7KoDT Via @Granma_Digital",Twitter Web App,False,,,,,,,,es,False
2021-10-12 11:44:15+00:00,1447890858402009088,"Rodrigo, un talento desbordante de futuro https://t.co/KukgF7KoDT Via @Granma_Digital",Twitter Web App,False,,,,,,,,es,False
2021-10-12 11:43:53+00:00,1447890765078843397,RT @foto_abreu: Canci√≥n contigo https://t.co/XpRWo74C4S Via @Granma_Digital,Twitter Web App,False,,,,,,,,es,False
2021-10-12 11:43:46+00:00,1447890737174097921,Canci√≥n contigo https://t.co/XpRWo74C4S Via @Granma_Digital,Twitter Web App,False,,,,,,,,es,False
2021-10-12 11:40:22+00:00,1447889879141081091,RT @foto_abreu: ¬øPor qu√© se demora el pago de la leche acopiada y entregada? https://t.co/BVzR3a0YFW Via @Granma_Digital,Twitter Web App,False,,,,,,,,es,False
2021-10-12 11:40:16+00:00,1447889854734471175,¬øPor qu√© se demora el pago de la leche acopiada y entregada? https://t.co/BVzR3a0YFW Via @Granma_Digital,Twitter Web App,False,,,,,,,,es,False
2021-10-12 11:32:03+00:00,1447887786816716806,Los primeros Juegos Deportivos Panamericanos de la Juventud piensan en el futuro https://t.co/VvbqoWH9B3 Via @Granma_Digital,Twitter Web App,False,,,,,,,,es,False
2021-10-12 10:01:13+00:00,1447864927956393987,¬øQuieres seguir ahondando en el mundo digital? Atenta/o a los talleres formativos de #Ekitendigitala. üëâ Crea montaj‚Ä¶ https://t.co/1H56EFYF2E,Hootsuite Inc.,True,,,,,,,,es,False
2021-10-12 09:36:50+00:00,1447858789667983362,RT @OchoaSanson: ¬øPor qu√© se demora el pago de la leche acopiada y entregada? https://t.co/HGNtom7tJ4 Via @Granma_Digital SE DEMORA PORQUE‚Ä¶,Twitter for Android,False,,,,,,,,es,False
2021-10-12 09:26:03+00:00,1447856075919736833,¬øPor qu√© se demora el pago de la leche acopiada y entregada? https://t.co/HGNtom7tJ4 Via @Granma_Digital SE DEMORA‚Ä¶ https://t.co/IP9zW2yV88,Twitter for Android,True,,,,,,,,es,False
2021-10-12 01:04:40+00:00,1447729898760638473,HOLA AMIG@S MA√ëANA 12 DE OCTUBRE /21 ESTAREMOS EN ENTREVISTA CON LILIA CRUZ ‚ÄúLA SHULA‚Äù  Lilia Cruz‚Ä¶ https://t.co/c5ZSOVfv08,Twitter for iPhone,True,,,,,,,,es,False
2021-10-12 00:20:03+00:00,1447718673343451137,RT @Vaneyeca_: @Jaidy1999_2013 Lo s√© tengo a mis hijas y esposo ...unos bonos pat√©ticos pero nos ayudan un poco pero su n√≥mina es la que cu‚Ä¶,Twitter for Android,False,,,,,,,,es,False
2021-10-12 00:17:55+00:00,1447718136208371713,@Jaidy1999_2013 Lo s√© tengo a mis hijas y esposo ...unos bonos pat√©ticos pero nos ayudan un poco pero su n√≥mina es‚Ä¶ https://t.co/5SYbPRFD7C,Twitter Web App,True,1447716248180117504,138067602,Jaidy1999_2013,,,,,es,False
2021-10-11 23:38:22+00:00,1447708180725866496,RT @BioCubaFarma: Agradece Maduro el arribo a Venezuela de nuevo lote  de Abdala https://t.co/HYR2yPkb2A Via @Granma_Digital,Twitter Web App,False,,,,,,,,es,False
2021-10-11 23:23:09+00:00,1447704352819490822,RT @MIREXRD: üóìFecha: martes 12 de octubre 2021  ‚è∞ 10:00 a.m. a 01:00 p. m.  üì≤Plataforma digital Zoom: üëá  ID: 891 6823 1538  C√≥digo de acces‚Ä¶,Twitter for Android,False,,,,,,,,es,False
2021-10-11 23:01:39+00:00,1447698943681368068,"Recuerden participar en el evento digital con motivo del D√≠a CONALEP de los Pueblos Ind√≠genas, el cual se llevar√° a‚Ä¶ https://t.co/MtGZtkpwEK",Twitter for Android,True,,,,,,,,es,False
2021-10-11 22:45:00+00:00,1447694751290073089,"#IICPUCP2021 |üí¨Conversatorio: ""Arte y Antropolog√≠a: procesos de investigaci√≥n y nuevos modos de circulaci√≥n"".  üóìÔ∏èFe‚Ä¶ https://t.co/nCxMPzEsAB",Twitter Web App,True,,,,,,,,es,False
2021-10-11 22:10:12+00:00,1447685993084096512,Informamos a nuestros usuarios de San Antonio  que se realizar√°n trabajos de mantenimiento en Red de TV Digital de‚Ä¶ https://t.co/kmjTfJCAdd,Hootsuite Inc.,True,,,,,,,,es,False
2021-10-11 21:20:00+00:00,1447673360440193025,"#IICPUCP2021 |üí¨Conversatorio: ""La etnograf√≠a en la era digital: retos y posibilidades"".  üóìÔ∏èFecha: martes 12 de octu‚Ä¶ https://t.co/u4bLB7Z6d1",Twitter Web App,True,,,,,,,,es,False
2021-10-11 21:19:47+00:00,1447673307692769283,RT @MIREXRD: üóìFecha: martes 12 de octubre 2021  ‚è∞ 10:00 a.m. a 01:00 p. m.  üì≤Plataforma digital Zoom: üëá  ID: 891 6823 1538  C√≥digo de acces‚Ä¶,Twitter for Android,False,,,,,,,,es,False
2021-10-11 20:30:07+00:00,1447660805927878656,#SemilleroAPPSpuntoCO | Emprendedores de Antioquia fortalezcan sus habilidades digitales y empiecen este camino con‚Ä¶ https://t.co/r4Qi39z9Ll,Hootsuite Inc.,True,,,,,,,,es,False
2021-10-11 20:02:00+00:00,1447653733966524416,üóìFecha: martes 12 de octubre 2021  ‚è∞ 10:00 a.m. a 01:00 p. m.  üì≤Plataforma digital Zoom: üëá  ID: 891 6823 1538  C√≥di‚Ä¶ https://t.co/NSULlJZZXT,Twitter for Android,True,1447653730556551170,258143215,MIREXRD,,,,,es,False
2021-10-11 19:02:10+00:00,1447638673651081216,RT @BUniatlantico: Capacitaci√≥n BIBLIOTECA DIGITAL: Facultad de Ingenier√≠a. Martes 12 de octubre de 2021 de 10:00 a. m. a 12:00 m. A cargo‚Ä¶,Twitter for Android,False,,,,,,,,es,False
2021-10-11 18:45:09+00:00,1447634393900765187,"La innovaci√≥n tecnol√≥gica ha generado oportunidades en nuestro sistema de salud, conozca de estas futuras transform‚Ä¶ https://t.co/wDnSzXmjDo",Agorapulse app,True,,,,,,,,es,False
2021-10-11 18:23:46+00:00,1447629010343657475,RT @DFinanciero: üìÖMa√±ana martes 12 de octubre a las 9:00 hrs nos vemos en un nuevo encuentro digital para comentar el ‚ÄúMundo post Covid: De‚Ä¶,Twitter for Android,False,,,,,,,,es,False
2021-10-11 18:01:32+00:00,1447623416371191809,üìÖMa√±ana martes 12 de octubre a las 9:00 hrs nos vemos en un nuevo encuentro digital para comentar el ‚ÄúMundo post Co‚Ä¶ https://t.co/Y72HeiSjzY,Hootsuite Inc.,True,,,,,,,,es,False
2021-10-11 16:03:25+00:00,1447593690352992264,RT @Cecedraws_: Horario de stream (definitivo por fin) üíô Martes 12:30 - 13:00 Luna's fishing garden  üíú Jueves 19:00 Potion craft ü§ç Sabado 1‚Ä¶,Twitter Web App,False,,,,,,,,es,False
2021-10-11 16:01:05+00:00,1447593101384724483,Horario de stream (definitivo por fin) üíô Martes 12:30 - 13:00 Luna's fishing garden  üíú Jueves 19:00 Potion craft ü§ç‚Ä¶ https://t.co/9rEhHAXIAW,Twitter Web App,True,,,,,,,,es,False
2021-10-11 15:36:54+00:00,1447587016888107015,[üå± #WHAT_DID_JUNKI_DO_TODAY?] 211011  00:00 #PROLOGUE Digital Release [üíø] https://t.co/hPB1FSbKWt  12:18 JO1 5th Si‚Ä¶ https://t.co/JHXbo8r0VC,Twitter for iPhone,True,,,,,,,,es,False
2021-10-11 14:57:50+00:00,1447577185485721600,Capacitaci√≥n BIBLIOTECA DIGITAL: Facultad de Ingenier√≠a. Martes 12 de octubre de 2021 de 10:00 a. m. a 12:00 m. A c‚Ä¶ https://t.co/5UwC0osRZ9,Twitter Web App,True,,,,,,,,es,False
2021-10-11 13:54:22+00:00,1447561216017174531,RT @GalapaGobierno: Este 12 de octubre la Unidad M√≥vil de Colpensiones trae beneficios para emprendedores o independientes que no est√©n  co‚Ä¶,Twitter for Android,False,,,,,,,,es,False
2021-10-11 13:48:02+00:00,1447559621841932294,Este 12 de octubre la Unidad M√≥vil de Colpensiones trae beneficios para emprendedores o independientes que no est√©n‚Ä¶ https://t.co/67D4xvtMs9,Twitter for Android,True,,,,,,,,es,False
2021-10-11 13:45:52+00:00,1447559074565050368,"RT @ElbaRosaPM: Con su ejemplo permanente. El Che, en la realizaci√≥n de la utop√≠a https://t.co/QS82DogZBV Via @Granma_Digital",Twitter Web App,False,,,,,,,,es,False
2021-10-11 13:20:07+00:00,1447552595871076355,Ma√±ana 12 de octubre la Unidad M√≥vil de Colpensiones trae beneficios para emprendedores o independientes que no est‚Ä¶ https://t.co/cKOCfW6jJ0,Twitter for iPhone,True,,,,,,,,es,False
2021-10-10 11:53:15+00:00,1447168348257759237,RT @icap_1954: Queremos invitarte a la clase abierta que ofrecer√° la Universidad del Internet @INAPGuatemala @icap_1954 denominada:  Transf‚Ä¶,Twitter for Android,False,,,,,,,,es,False
